architecture,unet,pspnet,pspnet,pspnet,deeplabv3,deeplabv3,deeplabv3,deeplabv3plus,deeplabv3plus,deeplabv3plus,segformer,segformer,segformer,segformer,segformer,segformer,segformer,segformer,segformer,segformer,segformer,segformer,upernet,upernet,upernet,upernet,upernet,mask2former,mask2former,mask2former,mask2former,mask2former,upernet,upernet,pspnet,pspnet,deeplabv3,deeplabv3,deeplabv3plus,deeplabv3plus,segformer,segformer,segformer,segformer,segformer,segformer,upernet,upernet,upernet,upernet,upernet,upernet,mask2former,mask2former,mask2former,mask2former,mask2former,mask2former,pspnet,pspnet,deeplabv3,deeplabv3,deeplabv3plus,deeplabv3plus,segformer,segformer,segformer,segformer,segformer,segformer,upernet,upernet,upernet,mask2former,mask2former,mask2former
backbone,custom,resnet50,resnet101,resnet18,resnet50,resnet101,resnet18,resnet50,resnet101,resnet18,mit-b0,mit-b1,mit-b2,mit-b3,mit-b4,mit-b5,mit-b0,mit-b1,mit-b2,mit-b3,mit-b4,mit-b5,internimage-t,internimage-s,internimage-b,internimage-l,internimage-xl,resnet50,resnet101,swin-t,swin-s,swin-b,beit-b,beit-l,resnet50,resnet101,resnet50,resnet101,resnet50,resnet101,mit-b0,mit-b1,mit-b2,mit-b3,mit-b4,mit-b5,internimage-t,internimage-s,internimage-b,internimage-l,internimage-xl,internimage-h,resnet50,resnet101,swin-t,swin-s,swin-b,swin-b,resnet50,resnet101,resnet50,resnet101,resnet50,resnet101,mit-b0,mit-b1,mit-b2,mit-b3,mit-b4,mit-b5,internimage-t,internimage-s,internimage-b,swin-t,swin-s,swin-b
type_backbone,convolution,convolution,convolution,convolution,convolution,convolution,convolution,convolution,convolution,convolution,transformer,transformer,transformer,transformer,transformer,transformer,transformer,transformer,transformer,transformer,transformer,transformer,convolution,convolution,convolution,convolution,convolution,convolution,convolution,transformer,transformer,transformer,transformer,transformer,convolution,convolution,convolution,convolution,convolution,convolution,transformer,transformer,transformer,transformer,transformer,transformer,convolution,convolution,convolution,convolution,convolution,convolution,convolution,convolution,transformer,transformer,transformer,transformer,convolution,convolution,convolution,convolution,convolution,convolution,transformer,transformer,transformer,transformer,transformer,transformer,convolution,convolution,convolution,transformer,transformer,transformer
dataset,cityscapes,cityscapes,cityscapes,cityscapes,cityscapes,cityscapes,cityscapes,cityscapes,cityscapes,cityscapes,cityscapes,cityscapes,cityscapes,cityscapes,cityscapes,cityscapes,cityscapes,cityscapes,cityscapes,cityscapes,cityscapes,cityscapes,cityscapes,cityscapes,cityscapes,cityscapes,cityscapes,cityscapes,cityscapes,cityscapes,cityscapes,cityscapes,ade20k,ade20k,ade20k,ade20k,ade20k,ade20k,ade20k,ade20k,ade20k,ade20k,ade20k,ade20k,ade20k,ade20k,ade20k,ade20k,ade20k,ade20k,ade20k,ade20k,ade20k,ade20k,ade20k,ade20k,ade20k,ade20k,voc,voc,voc,voc,voc,voc,voc,voc,voc,voc,voc,voc,voc,voc,voc,voc,voc,voc
crop_size,512x1024,512x1024,512x1024,512x1024,512x1024,512x1024,512x1024,512x1024,512x1024,512x1024,512x1024,512x1024,512x1024,512x1024,512x1024,512x1024,1024x1024,1024x1024,1024x1024,1024x1024,1024x1024,1024x1024,512x1024,512x1024,512x1024,512x1024,512x1024,512x1024,512x1024,512x1024,512x1024,512x1024,640x640,640x640,512x512,512x512,512x512,512x512,512x512,512x512,512x512,512x512,512x512,512x512,512x512,512x512,512x512,512x512,512x512,640x640,640x640,896x896,512x512,512x512,512x512,512x512,640x640,512x512,512x512,512x512,512x512,512x512,512x512,512x512,512x512,512x512,512x512,512x512,512x512,512x512,512x512,512x512,512x512,512x512,512x512,512x512
aAcc_clean,94.91,96.14,96.33,95.56,96.32,96.44,95.89,96.44,96.57,95.97,94.77,95.41,95.88,96.14,96.21,96.25,95.92,96.27,96.55,96.72,96.72,96.72,96.82,96.78,96.83,97.03,97.02,96.53,96.41,96.65,96.78,96.37,84.63,85.97,80.29,81.10,80.58,81.35,81.09,81.62,77.70,79.54,81.25,82.49,82.73,82.84,82.52,82.89,83.35,84.01,84.50,86.10,82.06,82.38,83.00,83.73,83.67,82.15,94.94,95.29,95.00,95.16,94.77,95.23,92.78,94.17,95.13,95.66,95.61,95.66,86.40,85.71,85.44,96.23,96.50,96.56
mIoU_clean,69.10,78.66,79.74,74.86,79.29,80.31,76.70,80.01,81.04,76.89,69.06,73.09,75.98,77.80,78.26,79.17,76.54,78.56,81.07,81.94,81.89,82.25,82.58,82.75,83.18,83.68,83.62,80.44,80.80,81.71,82.57,80.03,53.08,56.33,42.48,44.39,42.66,45.00,43.95,45.47,37.41,40.97,45.58,47.82,48.46,49.13,47.60,49.77,50.46,52.62,53.91,57.84,47.48,48.45,48.57,50.61,52.44,47.55,77.29,78.52,77.68,77.92,76.81,78.62,69.54,74.71,78.41,80.74,80.50,80.95,44.96,43.63,44.67,82.61,83.94,83.81
mAcc_clean,76.76,85.25,86.56,82.07,86.42,87.16,84.29,86.92,87.88,84.76,77.76,81.44,84.17,86.23,85.90,86.47,83.86,85.43,87.66,88.28,88.74,88.74,88.51,88.83,88.99,89.74,89.26,87.21,87.50,89.10,89.21,88.97,64.45,68.40,52.40,54.74,53.11,55.81,54.93,56.41,48.44,51.73,57.20,59.27,60.54,60.69,58.66,61.35,62.68,65.80,66.64,70.37,61.06,61.95,62.14,63.59,66.44,60.67,85.56,86.11,86.49,85.76,85.45,86.55,82.52,85.07,88.82,89.89,89.65,90.50,57.90,59.57,61.27,91.52,92.93,91.93
aAcc_2d_gaussian_noise,50.64,41.89,34.54,62.20,40.53,56.56,74.15,42.73,43.99,33.51,81.9,73.21,81.87,87.76,87.68,86.80,84.99,87.23,90.82,92.53,93.71,93.59,84.72,87.09,89.78,95.76,95.80,29.64,52.27,92.85,93.89,92.60,80.59,83.81,70.02,70.87,31.05,31.05,71.58,72.82,70.21,72.74,77.57,78.91,79.84,80.39,78.71,78.77,78.85,82.60,83.54,84.51,71.33,69.99,80.56,80.91,80.61,79.84,89.82,90.63,90.89,91.69,91.16,91.69,89.96,91.73,93.76,94.59,94.92,94.79,81.75,82.89,82.33,94.69,95.73,95.59
mIoU_2d_gaussian_noise,9.22,12.41,10.48,15.58,14.03,19.73,25.08,13.08,18.11,2.21,36.2,28.83,34.51,46.7,47.34,44.64,42.83,48.39,58.08,62.87,67.46,68.37,47.95,53.72,56.87,76.58,76.53,10.08,15.64,61.73,67.21,64.71,44.82,51.99,24.96,26.01,4.25,4.25,26.87,28.51,26.52,29.67,39.23,41.77,43.53,45.04,41.78,42.23,41.93,50.01,52.11,53.76,29.27,28.41,44.38,45.23,46.62,43.55,58.83,63.47,61.67,65.44,63.45,65.27,61.14,67.38,73.16,76.46,77.96,77.99,30.84,41.71,33.64,75.88,81.52,80.13
mAcc_2d_gaussian_noise,13.66,17.39,17.79,22.16,22.82,28.62,31.06,17.29,27.38,4.98,45.01,37.6,44.01,55.48,59.78,54.17,48.69,56.98,65.59,72.12,75.17,76.18,54.69,60.05,62.92,84.57,83.70,16.05,22.18,73.78,77.74,76.40,54.72,61.91,30.51,31.82,7.17,7.17,33.61,34.96,34.57,37.59,49.25,51.42,53.27,55.33,51.53,52.62,52.51,63.70,64.49,63.90,38.17,38.25,56.57,57.89,60.06,55.66,72.16,77.50,72.46,77.71,75.36,78.51,75.96,79.19,84.16,86.18,87.10,88.35,41.03,60.98,44.14,87.34,90.97,88.98
aAcc_2d_shot_noise,52.66,62.97,45.80,75.82,54.60,72.39,80.82,61.82,59.42,37.66,84.61,78.51,84.17,88.83,88.76,88.32,87.99,89.58,91.61,93.52,94.41,94.39,88.21,89.61,91.74,96.08,96.17,45.05,57.75,93.87,94.67,93.33,80.53,83.85,69.14,70.37,30.38,30.38,71.09,72.88,70.09,72.44,77.51,78.91,79.70,80.36,78.35,78.63,78.62,82.50,83.57,84.56,71.28,69.76,80.38,80.82,80.72,79.62,90.30,91.96,90.79,92.40,91.30,92.53,90.34,91.94,94.05,94.68,95.08,94.98,81.63,83.02,82.23,95.08,95.88,95.78
mIoU_2d_shot_noise,11.17,22.57,17.72,26.32,21.64,27.66,34.16,22.67,26.01,1.98,40.82,32.34,38.61,50.79,50.55,47.90,49.92,54.31,61.93,68.23,71.32,71.87,53.65,59.37,62.63,78.23,77.86,22.82,20.81,66.50,70.69,68.58,45.13,52.07,24.94,26.43,4.39,4.39,26.88,29.03,26.15,29.39,38.83,41.76,43.49,44.71,41.37,41.79,41.55,50.00,51.82,53.49,28.60,28.02,44.05,45.12,46.57,42.96,60.44,66.46,61.49,67.65,63.87,67.76,62.00,68.01,74.30,76.59,78.44,78.88,30.97,42.11,33.25,77.66,81.41,80.68
mAcc_2d_shot_noise,15.94,28.82,26.41,33.08,33.11,37.40,41.13,28.72,37.55,5.26,50.6,41.62,47.8,59.64,62.91,57.19,56.46,63.47,69.01,77.11,78.91,79.60,60.10,66.14,68.32,85.79,84.84,33.03,28.40,78.41,81.00,80.30,55.17,62.35,30.72,32.43,7.46,7.46,33.87,35.85,33.99,37.18,48.76,51.59,53.51,55.02,51.29,52.39,52.14,63.76,64.29,63.71,37.71,37.68,56.36,57.87,60.23,55.10,72.19,78.18,71.63,78.78,75.14,79.15,76.78,79.62,84.92,86.47,87.43,88.95,41.36,61.74,43.89,88.51,90.66,89.58
aAcc_2d_impulse_noise,49.37,68.28,51.37,59.28,71.35,70.42,71.00,78.57,62.61,37.66,76.82,74.24,83.69,87.98,87.71,87.18,86.54,79.93,89.89,91.54,92.96,92.76,85.65,91.19,92.98,96.14,96.26,23.26,27.05,92.57,94.25,93.91,79.97,83.87,63.41,65.41,32.69,32.69,65.79,66.57,68.50,67.84,74.64,77.91,78.38,79.02,76.98,78.41,79.06,82.78,83.61,83.29,64.44,57.17,80.71,81.16,81.20,80.38,89.15,90.18,90.29,91.63,90.46,90.91,89.32,91.32,93.27,94.48,94.48,94.54,81.79,82.72,81.92,94.93,95.79,95.87
mIoU_2d_impulse_noise,10.88,21.72,17.07,22.01,25.32,24.56,26.88,28.47,24.39,1.98,34.33,28.83,37.56,47.18,48.54,44.74,45.49,33.84,56.93,62.73,65.28,66.01,48.47,63.12,67.55,78.64,79.63,2.40,5.79,62.66,68.92,68.64,43.82,52.27,18.87,20.78,3.83,3.83,21.04,21.06,23.54,23.43,34.38,39.39,40.69,42.24,38.62,41.55,41.98,50.12,51.95,51.26,19.91,17.39,43.87,45.94,47.15,44.25,56.38,61.53,58.87,64.54,60.75,63.41,58.33,65.43,71.76,75.87,75.95,76.89,30.06,40.55,31.30,77.36,81.41,81.50
mAcc_2d_impulse_noise,16.43,27.93,28.23,29.66,34.87,33.79,36.32,34.78,35.51,5.26,42.15,38.05,47.16,56.37,60.53,53.93,52.54,42.54,64.78,71.90,73.30,74.32,56.29,70.81,74.31,85.34,85.84,6.76,11.42,73.13,78.69,78.80,53.30,62.82,24.27,25.88,6.54,6.54,27.35,25.95,30.67,29.65,43.44,48.15,49.68,51.45,47.69,51.33,52.28,63.42,64.49,62.57,27.65,25.08,56.03,59.29,60.71,56.62,69.28,74.07,67.92,75.26,71.76,76.40,73.20,77.25,84.00,85.84,85.68,87.79,39.56,59.70,41.17,88.13,90.84,90.23
aAcc_2d_defocus_blur,92.79,95.35,95.65,94.64,95.42,95.65,95.09,95.58,95.80,40.53,93.97,91.08,91.15,93.24,92.93,92.92,95.09,95.32,95.63,95.87,95.92,95.98,95.80,95.85,96.11,96.00,96.29,95.69,95.67,95.97,96.00,95.42,83.72,85.25,78.54,79.49,58.56,58.56,79.02,79.99,75.93,77.94,80.07,81.31,81.59,81.76,80.85,81.40,81.69,82.89,83.66,84.89,80.86,80.90,81.66,82.29,82.49,81.38,93.60,94.48,93.75,94.22,93.39,94.14,91.22,92.69,94.21,94.79,94.87,95.00,81.43,78.88,84.08,95.03,95.75,96.19
mIoU_2d_defocus_blur,63.44,75.32,76.83,70.77,75.20,76.17,72.88,76.51,77.56,2.78,64.23,50.77,54.23,62.09,61.87,58.63,72.21,73.72,76.82,77.96,78.03,78.18,78.73,79.06,79.81,79.72,80.46,74.63,76.53,77.22,79.07,75.86,50.90,55.07,39.48,41.15,12.71,12.71,39.69,41.50,33.99,37.67,42.21,45.38,46.53,46.73,44.04,46.13,46.12,49.58,51.65,55.30,44.51,44.99,45.27,47.46,48.96,45.37,72.59,76.02,72.87,74.46,71.69,74.86,65.14,70.37,75.71,77.84,78.35,78.87,31.80,35.91,41.51,78.14,81.45,83.14
mAcc_2d_defocus_blur,73.78,82.91,84.76,79.10,83.95,84.24,81.53,85.15,85.49,5.99,73.28,60.17,64.26,73.1,74.09,67.36,81.41,82.81,85.80,86.08,86.81,86.75,87.01,87.21,87.51,87.79,88.35,83.93,85.11,87.05,87.82,86.45,62.43,67.36,49.48,51.29,18.61,18.61,50.93,52.38,44.39,48.02,53.59,56.70,58.21,58.01,55.25,57.71,58.06,62.59,64.35,67.30,57.79,58.55,57.96,60.81,62.58,58.18,82.33,85.13,83.54,84.62,82.42,84.83,81.01,83.16,88.38,89.18,89.61,90.37,44.60,61.40,59.44,89.85,91.83,92.43
aAcc_2d_glass_blur,92.63,94.89,95.44,94.37,95.14,95.48,94.88,94.99,95.61,37.66,93.64,91.62,91.04,93.17,92.69,92.62,94.99,95.29,95.79,96.03,95.98,95.98,95.57,95.67,95.85,96.19,96.22,95.10,95.22,95.47,95.75,95.20,83.32,85.10,78.17,79.15,53.05,53.05,79.03,79.90,76.11,78.03,79.73,81.20,81.13,81.42,79.55,80.04,81.05,82.72,83.18,84.73,79.15,79.47,80.43,81.54,82.58,80.96,92.20,93.54,92.55,93.29,92.52,93.38,91.77,93.31,94.83,95.14,95.28,95.31,82.17,80.57,84.60,94.23,95.41,95.97
mIoU_2d_glass_blur,60.59,71.52,74.71,68.80,71.98,73.95,70.31,72.70,75.95,1.98,63.33,53.07,53.4,62.81,60.74,58.03,71.16,74.12,77.01,78.28,78.65,78.87,75.82,76.10,76.89,78.46,78.85,73.79,72.74,75.02,77.69,74.93,49.72,54.22,38.30,40.07,9.79,9.79,40.07,41.93,34.16,37.59,41.50,44.68,44.60,45.13,40.57,42.09,43.61,49.00,50.16,54.28,40.84,41.48,42.62,45.81,49.63,43.71,65.81,70.83,67.43,69.73,66.99,70.27,66.35,71.98,77.46,78.75,79.24,79.44,32.99,38.97,42.36,73.89,79.10,81.53
mAcc_2d_glass_blur,69.92,79.16,82.14,76.39,80.50,81.69,78.28,81.48,83.50,5.26,72.64,62.04,63.95,74.12,73.10,66.86,79.87,82.11,84.57,85.45,86.03,85.99,82.27,82.83,83.74,85.51,85.43,82.32,81.00,83.19,85.57,85.36,60.44,65.77,47.07,49.49,14.98,14.98,50.38,52.02,44.28,47.19,52.23,54.98,55.30,55.51,49.78,51.94,53.80,60.61,61.17,65.01,52.94,54.57,55.12,58.04,63.30,56.62,74.86,78.78,76.69,77.66,76.30,77.70,80.34,83.07,87.99,88.38,89.07,89.44,45.39,64.01,59.31,86.04,89.13,90.00
aAcc_2d_motion_blur,93.28,95.39,95.69,94.72,95.47,95.72,95.10,95.67,95.85,37.66,93.99,91.75,92.02,93.15,93.26,93.11,95.25,95.63,95.86,96.02,96.04,96.00,96.20,96.02,96.20,96.10,96.06,95.56,95.56,95.90,96.07,95.61,83.81,85.55,77.31,78.30,53.84,53.84,78.24,78.99,75.71,77.75,79.94,81.13,81.46,81.45,80.51,80.85,81.46,82.69,83.44,84.89,78.75,79.97,81.26,81.9,82.26,81.45,92.92,93.71,93.41,93.60,92.67,93.49,91.88,93.31,94.69,95.09,95.24,95.21,82.42,80.58,84.49,95.37,96.08,96.43
mIoU_2d_motion_blur,64.62,75.32,76.85,70.40,75.00,76.63,72.87,76.44,77.78,1.98,65.72,52.47,55.81,62.06,62.65,58.85,73.04,75.19,77.68,78.88,78.59,78.49,79.77,79.18,79.57,79.57,79.35,75.67,75.36,77.24,79.81,76.04,51.24,55.80,37.86,40.13,10.74,10.74,39.10,41.46,34.61,38.01,43.22,45.06,46.54,47.17,44.25,45.43,46.21,49.98,51.65,55.39,41.76,43.76,45.12,46.73,49.51,45.85,69.02,71.72,70.97,70.86,67.72,71.43,67.07,71.75,77.08,78.58,79.53,79.40,33.75,38.64,42.37,78.97,82.43,83.43
mAcc_2d_motion_blur,73.80,82.80,84.29,78.33,83.10,84.32,81.29,84.58,85.23,5.26,74.7,61.51,66.29,73.62,74.41,67.91,81.11,82.74,85.06,85.91,86.13,85.94,86.63,86.15,86.35,86.61,86.38,83.39,83.04,86.23,87.36,86.48,62.59,68.22,47.84,50.13,15.86,15.86,50.28,52.44,45.84,48.85,54.76,56.59,58.47,58.61,55.07,57.06,58.11,63.23,64.28,67.85,54.98,56.74,57.82,59.85,63.24,58.92,78.51,80.11,80.47,80.09,77.77,80.18,81.28,82.89,87.87,88.44,89.15,89.64,46.62,62.95,59.31,88.94,91.06,91.62
aAcc_2d_zoom_blur,65.84,69.01,74.87,77.49,67.73,73.28,74.54,70.55,73.95,37.66,73.61,67.72,56.44,66.89,72.91,71.08,79.28,79.80,82.49,82.87,82.75,84.17,83.42,80.70,84.60,87.10,88.29,75.38,76.09,79.31,80.67,82.34,69.92,74.02,59.54,61.70,40.35,40.35,60.31,62.62,60.22,63.69,64.21,67.32,67.97,69.02,64.31,66.29,67.33,72.51,74.94,77.74,60.21,63.99,65.36,67.41,66.66,68.09,84.38,85.16,84.43,85.06,85.49,84.63,79.85,85.26,87.93,89.39,90.06,89.45,73.68,66.23,74.74,88.45,90.37,91.74
mIoU_2d_zoom_blur,19.89,25.16,27.82,25.48,23.98,27.97,27.06,25.51,27.75,1.98,25.02,22.25,17.46,23.86,24.09,24.35,31.24,32.78,37.49,36.11,38.10,39.33,37.94,36.83,40.47,43.47,46.17,27.28,28.37,33.57,34.07,36.89,29.87,36.14,19.38,21.32,4.61,4.61,20.06,22.07,17.73,20.68,23.50,26.37,27.44,28.45,24.97,25.75,28.50,34.77,37.74,41.93,20.53,23.02,24.02,26.22,27.33,26.26,43.10,43.20,43.44,43.71,44.36,43.12,37.59,44.26,52.39,58.41,60.98,59.85,21.48,22.89,27.22,53.62,61.18,66.23
mAcc_2d_zoom_blur,31.93,36.06,37.20,35.86,36.02,39.07,39.60,38.50,40.30,5.26,36.29,33.87,24.72,31.82,35.29,32.23,43.19,45.40,49.85,46.87,47.69,48.34,49.37,51.04,51.68,52.81,55.31,40.27,41.36,46.29,44.66,47.80,38.84,48.01,26.35,29.23,7.63,7.63,28.05,30.21,25.52,27.37,30.80,34.48,35.82,37.85,32.53,32.61,36.71,46.63,49.26,53.75,29.21,32.68,33.48,36.19,36.67,34.71,56.39,54.65,55.83,55.79,57.36,56.06,53.58,57.83,66.89,71.73,74.12,74.05,32.10,40.24,39.23,69.87,76.32,78.52
aAcc_2d_snow,58.90,52.67,74.32,57.64,77.10,76.97,60.70,69.79,66.45,37.66,74.26,82.11,86.85,86.9,87.31,89.09,85.06,85.37,90.82,90.69,90.79,92.72,81.30,86.58,88.48,93.64,93.83,54.03,71.28,77.91,83.08,93.58,77.52,82.99,64.83,65.11,34.46,34.46,65.12,66.08,64.50,68.53,75.26,77.02,77.37,77.61,72.05,75.51,76.47,80.27,81.75,83.15,66.81,67.84,73.86,78.1,76.88,77.89,86.41,87.79,87.05,88.56,85.09,87.85,88.17,89.88,92.59,93.91,93.75,93.56,80.23,79.55,79.93,93.70,94.58,94.95
mIoU_2d_snow,25.86,20.78,31.49,20.95,31.67,35.45,27.27,28.69,31.22,1.98,33.41,36.39,44.15,48.44,48.69,47.83,44.26,46.70,58.61,59.35,59.86,64.43,42.12,53.07,54.52,68.16,68.89,23.28,28.25,43.98,51.31,68.53,39.56,50.01,22.25,24.67,4.20,4.20,21.59,24.40,20.04,26.88,35.19,38.62,39.42,39.76,31.44,36.60,39.62,45.69,47.82,51.45,23.99,27.16,34.90,40.56,40.08,40.07,46.92,49.82,49.22,52.53,44.29,51.38,53.29,59.36,69.76,74.53,73.80,73.36,26.25,34.64,25.12,71.89,75.28,78.00
mAcc_2d_snow,35.63,26.12,38.38,28.43,38.42,43.22,37.03,36.16,39.46,5.26,43.64,45.69,53.92,60.79,60.87,58.21,54.81,57.19,67.32,69.39,69.01,72.37,51.17,62.35,63.29,76.70,76.71,34.27,37.92,52.41,62.45,80.31,48.35,60.20,28.35,30.81,7.00,7.00,27.38,30.97,27.30,35.20,44.11,48.34,48.95,49.17,38.85,45.93,49.71,57.44,59.15,63.16,32.63,35.89,45.27,51.72,52.53,51.23,53.13,56.98,56.65,59.32,50.73,58.13,66.10,70.41,82.17,84.43,83.89,83.91,35.40,54.83,34.66,81.74,84.31,85.00
aAcc_2d_frost,70.87,79.20,86.66,76.03,83.63,87.73,76.06,82.32,88.49,37.66,80.63,73.95,78.18,87.17,88.06,85.36,90.19,90.89,92.70,93.67,93.42,93.61,91.50,90.69,92.45,92.28,91.80,87.46,90.43,87.96,84.19,88.86,78.54,81.74,72.95,73.83,41.14,41.14,73.31,74.45,69.17,71.64,75.12,76.58,76.58,77.53,75.31,76.55,77.77,78.37,79.28,82.98,75.00,75.23,76.62,77.14,76.41,76.23,92.25,92.83,92.59,92.99,92.40,92.92,90.16,91.55,93.52,94.37,94.64,94.54,80.45,81.44,79.55,94.33,95.28,95.63
mIoU_2d_frost,39.36,52.78,57.27,46.31,56.56,61.54,48.06,56.82,62.06,1.98,43.01,36.77,40.44,51.33,51.41,45.76,58.90,60.79,66.99,70.93,71.54,71.56,66.59,68.81,71.26,67.89,68.83,57.98,60.02,60.71,61.02,65.69,45.56,51.32,33.47,35.07,6.75,6.75,33.97,35.36,27.37,31.08,37.91,41.42,41.69,42.96,38.47,41.89,43.64,47.07,48.64,52.88,36.12,37.11,41.23,42.82,43.41,41.34,66.54,67.96,67.72,69.76,67.75,69.36,60.22,65.26,72.56,76.37,77.03,76.88,27.88,38.37,26.74,74.81,79.69,80.78
mAcc_2d_frost,51.76,62.19,65.73,57.55,66.69,70.51,60.49,66.75,71.98,5.26,53.67,48.44,51.5,61.12,62.10,54.23,67.94,69.50,75.10,78.41,79.35,79.49,74.39,77.23,79.02,76.60,77.54,69.59,71.12,72.96,72.75,78.61,55.27,62.76,41.27,43.13,10.44,10.44,42.69,44.11,35.64,39.66,47.81,51.68,51.97,53.09,47.55,52.12,54.45,58.84,60.19,65.02,47.26,48.82,53.07,54.84,55.90,52.61,74.13,75.71,76.39,77.19,76.45,77.16,72.62,75.53,83.13,85.77,86.05,86.36,36.99,58.41,35.96,85.24,88.56,88.72
aAcc_2d_fog,92.81,95.30,95.78,94.06,95.58,95.92,94.48,95.72,96.01,37.66,92.78,88.13,87.92,90.01,91.64,92.07,94.54,95.48,95.96,96.29,96.21,96.34,96.62,96.64,96.72,96.92,96.89,95.88,95.77,96.10,96.40,95.99,83.81,85.63,78.57,79.73,55.03,55.03,79.39,80.33,76.52,78.59,80.83,81.98,82.06,82.38,82.11,82.57,82.92,83.65,84.36,85.82,80.64,81.27,82.67,83.62,83.40,81.75,94.34,94.76,94.40,94.67,94.39,94.58,92.45,93.73,95.00,95.54,95.57,95.50,82.75,81.79,84.80,95.90,96.35,96.56
mIoU_2d_fog,62.89,75.11,77.36,68.71,76.40,78.05,71.70,77.36,78.61,1.98,60.58,49.18,49.92,56.05,59.19,56.77,70.91,75.58,78.41,79.84,79.73,80.43,81.67,82.02,82.74,82.92,82.50,76.82,76.02,79.37,80.69,77.13,51.05,55.16,38.33,41.02,10.23,10.23,40.65,41.88,34.90,38.92,44.62,46.71,47.14,48.25,46.88,49.11,49.66,51.85,53.58,57.22,44.33,45.37,48.38,50.49,51.49,45.24,74.80,75.79,75.28,75.89,75.27,75.57,68.27,73.00,78.04,80.41,80.23,80.14,31.96,39.59,41.30,81.22,83.28,83.90
mAcc_2d_fog,71.19,81.90,84.50,75.64,84.00,85.26,79.49,85.09,85.73,5.26,68.32,57.37,60.47,66.2,69.38,64.63,78.23,82.29,85.18,86.24,86.71,87.22,87.82,88.21,88.52,88.92,88.17,84.41,84.08,87.07,87.30,86.06,61.70,67.15,48.02,50.83,14.92,14.92,51.26,51.88,45.37,49.00,55.70,57.79,58.81,59.45,57.61,60.55,61.45,64.73,65.98,69.47,56.77,58.47,61.24,63.05,64.55,57.95,83.02,83.27,84.33,83.53,83.95,83.49,80.50,82.96,87.87,89.23,88.86,89.09,42.97,61.44,55.21,90.84,92.27,91.87
aAcc_2d_brightness,94.76,96.08,96.27,95.40,96.24,96.37,95.76,96.35,96.52,37.66,94.68,92.44,92.95,93.73,93.84,93.84,95.88,96.22,96.52,96.71,96.70,96.69,96.77,96.72,96.78,97.00,97.00,96.47,96.29,96.58,96.71,96.31,84.46,85.91,80.03,80.86,59.40,59.40,80.84,81.37,77.53,79.29,81.09,82.24,82.54,82.76,82.29,82.72,83.17,83.89,84.42,86.03,81.81,82.16,82.89,83.61,83.41,81.95,94.83,95.21,94.89,95.08,94.57,95.19,92.61,93.99,95.02,95.53,95.54,95.60,83.52,81.68,85.30,96.11,96.41,96.61
mIoU_2d_brightness,68.50,78.23,79.48,73.87,78.83,79.96,76.02,79.53,80.83,1.98,68.32,55.07,58.6,64.35,65.48,61.90,76.22,78.29,81.04,81.91,81.71,82.06,82.46,82.46,82.74,83.58,83.60,80.23,80.63,81.43,81.83,79.74,52.57,56.08,41.78,43.81,12.43,12.43,43.61,44.79,37.10,40.50,45.21,47.28,47.86,48.72,47.18,49.35,50.11,52.41,53.61,57.67,46.40,47.91,48.17,50.27,51.63,47.18,76.69,78.09,77.15,77.56,75.88,78.34,69.13,74.10,77.98,80.19,80.27,80.88,35.36,42.13,44.46,81.84,83.72,83.90
mAcc_2d_brightness,76.30,84.81,86.32,80.97,86.02,86.87,83.64,86.48,87.77,5.26,76.92,63.57,68.89,75.21,76.13,70.36,83.59,85.16,87.62,88.28,88.55,88.60,88.43,88.68,88.62,89.67,89.32,86.84,87.42,88.95,88.68,88.84,63.78,68.09,51.65,53.94,17.76,17.76,54.36,55.42,47.88,51.05,56.68,58.55,59.81,60.13,57.94,60.72,62.13,65.58,66.23,69.94,59.89,61.39,61.23,63.05,65.01,59.97,84.81,85.56,85.87,85.23,84.76,86.00,82.17,84.59,88.30,89.43,89.28,90.44,47.42,66.98,60.39,91.57,92.81,91.98
aAcc_2d_contrast,92.03,95.42,95.72,94.62,95.65,95.86,95.17,95.72,96.00,37.66,94.33,91.29,91.73,93.23,93.54,93.33,95.64,96.00,96.32,96.61,96.52,96.59,96.52,96.54,96.58,96.86,96.90,96.25,96.13,96.36,96.53,96.00,84.37,85.88,78.55,79.66,55.59,55.59,79.35,80.08,76.87,78.65,80.80,82.02,82.32,82.50,81.86,82.23,82.60,83.63,84.31,85.68,80.58,81.31,82.35,83.41,83.07,81.72,94.38,94.71,94.50,94.69,94.35,94.73,92.41,93.82,95.05,95.58,95.62,95.62,82.53,81.73,84.78,96.03,96.22,96.68
mIoU_2d_contrast,60.54,75.51,76.81,71.19,76.62,77.88,73.57,77.03,78.21,1.98,66.54,52.98,55.7,62.56,64.08,59.68,75.37,78.01,80.37,81.60,80.98,81.64,81.55,81.90,82.23,83.25,83.30,78.36,79.93,79.96,81.25,77.85,52.11,55.89,38.19,40.16,10.17,10.17,40.16,40.97,35.65,39.08,44.40,46.74,47.44,48.49,46.40,48.21,49.09,51.77,53.49,57.36,43.62,45.41,47.02,50.13,51.04,45.37,74.87,75.95,75.61,76.01,75.12,76.27,68.22,73.19,78.16,80.62,80.49,80.65,31.79,39.69,42.11,81.49,82.75,84.29
mAcc_2d_contrast,69.97,82.25,83.60,78.07,84.01,84.71,80.95,84.51,85.02,5.26,74.49,60.68,65.14,72.78,74.87,67.55,82.93,84.99,87.06,87.91,87.89,88.07,87.66,88.05,87.96,89.28,88.87,85.46,87.05,88.01,87.99,87.36,62.99,67.92,47.49,49.74,14.65,14.65,50.31,50.66,46.01,49.20,55.50,57.62,59.00,59.81,56.98,59.35,60.67,64.51,65.72,69.44,56.39,57.83,59.56,62.78,64.13,58.24,82.79,83.15,84.38,83.29,83.65,83.92,80.73,83.65,88.15,89.45,89.19,89.93,42.83,61.78,56.48,90.72,91.81,92.12
aAcc_2d_elastic_transform,84.49,86.03,85.91,85.57,85.76,85.89,85.92,86.23,86.12,37.66,85.28,84.34,84.06,84.29,84.79,84.63,85.86,86.31,86.28,86.36,86.53,86.25,86.37,85.93,86.40,86.34,86.37,86.00,85.86,86.26,85.94,85.69,77.59,78.60,72.51,72.95,54.16,54.16,72.93,73.47,71.23,72.47,73.59,74.31,74.48,74.60,73.93,74.47,74.85,75.79,76.02,77.05,72.97,73.04,73.65,74.33,75.76,75.17,91.66,91.83,91.71,91.79,91.22,91.77,89.72,90.88,91.87,92.28,92.19,92.32,81.17,78.67,83.18,92.18,92.64,92.98
mIoU_2d_elastic_transform,43.11,50.80,51.08,49.04,49.73,51.28,50.47,51.30,51.49,1.98,46.8,38.92,39.62,42.86,44.27,40.72,49.96,51.40,51.87,53.13,52.48,52.18,52.17,51.36,52.67,52.39,52.46,49.78,50.77,51.39,51.72,49.28,42.82,45.05,33.21,33.92,10.54,10.54,34.42,35.23,30.74,32.89,36.03,37.26,37.68,38.20,36.21,38.36,38.83,40.96,41.43,44.05,35.19,34.84,35.68,37.3,40.15,37.45,67.53,67.84,67.74,67.85,65.86,68.29,61.32,65.16,69.05,70.37,70.21,70.85,32.20,37.57,40.67,69.91,71.82,72.46
mAcc_2d_elastic_transform,55.61,63.40,63.95,61.01,63.10,64.38,63.41,64.67,64.85,5.26,59.59,50.08,52.98,57.27,58.52,52.52,62.92,64.13,64.81,65.96,65.90,65.44,65.22,64.53,65.69,65.74,65.60,63.57,64.00,65.94,65.34,66.07,55.73,58.96,43.94,45.16,15.73,15.73,46.11,47.22,42.09,44.32,48.40,49.57,50.86,50.98,48.50,51.53,52.47,55.52,55.66,58.02,49.51,49.43,49.90,51.82,55.46,51.75,78.59,78.86,79.50,78.87,77.33,79.00,76.75,78.73,82.55,82.86,83.33,84.16,44.85,63.08,58.21,83.86,84.87,84.93
aAcc_2d_pixelate,94.74,95.94,96.23,95.35,96.15,96.31,95.67,96.29,96.44,37.67,94.27,92.12,92.11,92.97,92.94,93.56,95.30,95.48,95.63,95.99,96.25,96.26,93.62,94.95,94.45,96.61,96.49,86.28,84.92,91.60,93.13,95.00,83.82,85.77,80.17,80.78,60.50,60.50,80.90,81.62,76.70,78.50,80.12,81.34,82.02,82.04,80.87,81.03,81.61,83.53,84.10,85.73,80.62,81.07,80.53,82.08,82.07,80.91,94.71,95.23,94.80,95.05,94.65,95.17,92.50,93.91,95.10,95.54,95.42,95.71,83.00,81.24,85.31,94.01,95.72,95.93
mIoU_2d_pixelate,68.48,77.49,79.39,73.97,78.45,79.70,75.48,79.03,80.42,1.99,66.27,55.16,55.2,61.73,61.51,61.30,73.44,74.44,76.06,77.40,79.59,79.76,71.06,74.41,73.94,81.37,80.91,63.85,65.98,65.12,74.04,72.72,51.20,55.48,41.65,43.33,12.74,12.74,43.40,45.27,34.96,38.38,42.39,44.81,46.38,46.70,43.88,44.96,45.90,51.17,52.56,56.93,43.68,44.43,43.05,47.2,48.12,43.61,76.26,78.17,76.62,77.35,75.78,78.43,68.18,73.67,78.06,80.31,79.82,81.17,34.78,41.20,44.40,72.14,80.23,81.83
mAcc_2d_pixelate,76.18,83.76,85.94,80.62,85.30,86.47,83.09,86.00,87.11,5.27,74.71,62.93,64.57,72.49,70.91,68.88,80.59,81.79,83.11,84.03,86.51,86.51,79.26,83.37,81.70,88.00,87.34,76.42,77.86,74.49,82.89,82.99,62.11,66.99,51.67,53.68,18.13,18.13,54.41,56.08,44.75,47.87,52.94,55.41,57.48,57.58,53.44,55.57,57.39,63.64,64.30,68.98,56.26,57.58,53.91,58.82,60.71,55.29,84.32,85.74,85.48,85.23,84.51,86.34,79.66,82.76,87.60,88.76,88.06,89.93,47.28,66.65,61.25,83.64,89.45,90.05
aAcc_2d_jpeg_compression,47.42,38.69,44.82,41.60,49.31,53.70,51.95,49.91,51.88,37.67,82.1,85.52,74.12,89.22,87.68,90.05,87.80,86.71,91.87,92.37,93.94,94.37,92.44,93.65,93.77,95.06,94.99,81.47,84.14,89.61,93.00,93.29,83.60,85.32,79.27,80.06,56.52,56.52,80.10,80.63,76.40,77.90,80.11,81.52,81.71,81.78,81.42,81.79,82.40,83.31,83.85,84.59,80.64,81.06,82.00,82.65,82.28,80.97,94.08,94.33,94.07,94.33,93.89,94.45,91.56,92.97,94.42,95.07,95.12,95.25,82.99,81.03,84.90,94.87,95.58,95.83
mIoU_2d_jpeg_compression,29.30,27.00,37.18,29.11,34.96,41.62,34.79,35.48,40.90,1.99,47.08,44.92,38.34,52.32,49.50,51.73,55.62,57.38,63.88,68.03,71.24,73.06,65.36,69.19,68.76,75.68,74.59,46.90,51.38,60.91,66.48,67.06,51.14,55.20,40.31,42.53,10.58,10.58,42.23,43.66,34.95,38.08,43.25,46.08,46.61,47.01,45.45,47.41,48.25,51.07,52.30,54.28,44.66,45.57,46.56,47.97,49.20,45.07,73.87,74.77,74.00,74.49,73.04,75.47,65.30,71.01,75.85,78.72,78.49,79.67,34.56,40.61,42.69,77.31,80.87,81.42
mAcc_2d_jpeg_compression,39.25,34.45,44.25,37.07,45.09,50.54,46.49,44.42,49.77,5.26,57.89,52.96,50.75,63.19,60.56,59.38,67.71,67.68,73.00,76.62,79.36,80.99,74.81,78.99,78.73,83.54,82.48,62.11,66.29,74.52,78.71,79.07,61.45,66.27,49.92,51.96,15.18,15.18,52.45,53.92,45.15,47.80,53.81,56.48,57.57,57.44,55.39,58.22,59.53,63.37,63.91,65.18,57.22,58.40,59.21,60.03,62.41,57.00,81.65,82.04,81.90,81.92,81.16,82.83,78.87,81.81,86.44,88.33,87.81,89.15,46.52,65.75,58.70,88.68,89.74,89.39
aAcc_2d_mean,75.55,77.81,77.94,79.92,79.98,83.22,82.75,80.82,80.34,37.58,86.46,83.87,84.55,88.57,89.05,88.93,90.29,90.35,92.55,93.14,93.48,93.71,90.98,91.86,92.86,94.54,94.62,76.23,80.30,91.22,92.02,92.88,81.04,83.55,73.53,74.55,47.78,47.78,74.47,75.45,72.38,74.40,77.37,78.91,79.28,79.64,77.94,78.75,79.32,81.41,82.27,83.71,75.01,74.95,79.00,80.06,79.99,79.22,91.67,92.42,92.01,92.60,91.84,92.50,90.26,92.02,93.69,94.40,94.52,94.49,81.43,80.13,82.81,94.33,95.19,95.52
mIoU_2d_mean,42.52,50.78,52.77,48.83,52.69,55.48,52.44,53.37,55.42,2.05,50.78,42.53,44.90,53.01,53.33,50.86,59.37,61.00,66.88,69.15,70.30,71.08,64.35,67.37,68.84,73.99,74.26,50.92,52.55,65.12,68.39,68.24,46.77,52.12,32.87,34.69,8.53,8.53,34.25,35.81,30.16,33.48,39.46,42.22,43.14,43.97,40.77,42.72,43.67,48.36,50.03,53.15,36.23,36.99,42.29,44.62,46.06,42.49,65.58,68.11,66.67,68.52,66.12,68.62,62.10,67.60,73.42,76.27,76.72,76.99,31.11,38.31,37.28,75.08,79.08,80.21
mAcc_2d_mean,51.42,58.26,60.90,56.93,61.80,64.07,61.59,61.64,64.44,5.29,60.26,51.77,55.09,63.55,64.90,59.69,68.13,69.92,75.19,77.49,78.49,79.05,72.34,75.71,76.56,81.79,81.73,60.56,61.88,75.50,77.93,79.39,57.26,63.65,41.24,43.30,12.80,12.80,43.56,44.94,39.56,42.66,49.85,52.62,53.91,54.63,50.63,53.31,54.76,61.17,62.23,64.89,47.63,48.76,54.45,57.07,59.17,54.66,75.21,77.32,76.20,77.63,75.91,77.98,75.97,78.90,84.69,86.30,86.58,87.44,42.33,60.66,51.16,86.33,88.98,89.03
aAcc_2d_gam,47.42,38.69,34.54,41.60,40.53,53.70,51.95,42.73,43.99,33.51,79.28,79.80,82.49,82.87,72.91,71.08,79.28,79.80,82.49,82.87,82.75,84.17,81.30,80.70,84.60,86.34,86.37,23.26,27.05,77.91,80.67,82.34,69.92,74.02,59.54,61.70,30.38,30.38,60.31,62.62,60.22,63.69,64.21,67.32,67.97,69.02,64.31,66.29,67.33,72.51,74.94,77.05,60.21,57.17,65.36,67.41,66.66,68.09,84.38,85.16,84.43,85.06,85.09,84.63,79.85,85.26,87.93,89.39,90.06,89.45,73.68,66.23,74.74,88.45,90.37,91.74
mIoU_2d_gam,9.22,12.41,10.48,15.58,14.03,19.73,25.08,13.08,18.11,1.98,31.24,32.78,37.49,36.11,24.09,24.35,31.24,32.78,37.49,36.11,38.10,39.33,37.94,36.83,40.47,43.47,46.17,2.40,5.79,33.57,34.07,36.89,29.87,36.14,18.87,20.78,3.83,3.83,20.06,21.06,17.73,20.68,23.50,26.37,27.44,28.45,24.97,25.75,28.50,34.77,37.74,41.93,19.91,17.39,24.02,26.22,27.33,26.26,43.10,43.20,43.44,43.71,44.29,43.12,37.59,44.26,52.39,58.41,60.98,59.85,21.48,22.89,25.12,53.62,61.18,66.23
mAcc_2d_gam,13.66,17.39,17.79,22.16,22.82,28.62,31.06,17.29,27.38,4.98,43.19,42.54,49.85,46.87,35.29,32.23,43.19,42.54,49.85,46.87,47.69,48.34,49.37,51.04,51.68,52.81,55.31,6.76,11.42,46.29,44.66,47.80,38.84,48.01,24.27,25.88,6.54,6.54,27.35,25.95,25.52,27.37,30.80,34.48,35.82,37.85,32.53,32.61,36.71,46.63,49.26,53.75,27.65,25.08,33.48,36.19,36.67,34.71,53.13,54.65,55.83,55.79,50.73,56.06,53.58,57.83,66.89,71.73,74.12,74.05,32.10,40.24,34.66,69.87,76.32,78.52
aAcc_cospgd_linf,0.00,0.04,0.26,0.06,0.12,0.07,0.05,0.11,0.19,0.08,0.66,0.73,1.23,1.30,0.88,,0.27,0.17,0.58,1.36,,,0.58,0.93,0.83,,,,,,,,,,0.00,0.01,0.01,0.01,0.00,0.01,0.00,0.00,0.00,0.01,0.03,0.06,0.01,0.01,0.01,0.03,0.03,0.29,,,,,,,0.02,0.02,0.02,0.02,0.03,0.03,0.05,0.05,0.45,0.57,0.44,0.75,0.18,0.12,1.49,,,
mIoU_cospgd_linf,0.00,0.01,0.05,0.03,0.03,0.01,0.02,0.04,0.05,0.04,0.21,0.26,0.38,0.32,0.22,,0.12,0.09,0.22,0.36,,,0.13,0.21,0.23,,,,,,,,,,0.00,0.00,0.00,0.01,0.00,0.00,0.00,0.00,0.00,0.00,0.00,0.01,0.00,0.00,0.00,0.01,0.00,0.09,,,,,,,0.03,0.03,0.02,0.03,0.01,0.03,0.02,0.02,0.11,0.18,0.20,0.24,0.13,0.04,0.24,,,
mAcc_cospgd_linf,0.00,0.05,0.19,0.56,0.07,0.06,0.08,0.11,0.16,0.10,0.62,0.79,1.02,0.84,0.49,,0.38,0.50,1.08,1.13,,,0.34,0.45,0.51,,,,,,,,,,0.00,0.00,0.00,0.04,0.00,0.01,0.00,0.00,0.00,0.00,0.01,0.02,0.00,0.00,0.01,0.01,0.01,0.19,,,,,,,0.08,0.13,0.17,0.14,0.04,0.12,0.12,0.16,0.48,0.86,1.43,1.59,0.41,0.32,2.60,,,
aAcc_cospgd_l2,86.25,86.97,89.70,82.15,88.59,89.31,85.78,89.33,90.30,86.41,90.55,91.89,92.07,92.98,93.25,,91.08,91.89,93.12,93.72,,,91.52,91.82,92.51,,,,,,,,,,67.13,68.68,68.79,69.58,67.16,68.71,66.17,67.30,70.48,72.12,72.42,73.09,69.88,71.53,73.07,70.65,71.31,75.03,,,,,,,71.94,81.60,73.16,81.92,72.84,80.34,79.49,83.34,86.08,88.69,87.81,88.22,74.17,74.73,82.44,,,
mIoU_cospgd_l2,48.90,52.95,55.66,48.39,52.81,56.00,48.21,55.30,58.31,48.55,57.11,59.57,62.47,64.98,66.51,,55.89,56.63,62.00,67.33,,,60.48,60.71,63.55,,,,,,,,,,28.62,30.04,29.80,31.28,29.00,30.34,25.09,27.73,31.85,33.66,34.73,35.58,31.60,34.80,36.05,34.64,35.09,41.34,,,,,,,34.81,45.68,37.23,45.43,37.03,43.92,41.61,48.32,55.82,61.12,59.70,60.70,25.13,26.53,38.42,,,
mAcc_cospgd_l2,61.24,65.46,67.87,62.10,66.01,68.54,63.65,69.06,71.44,63.85,69.55,72.92,75.86,78.21,78.43,,66.99,66.73,72.53,77.00,,,71.82,71.85,73.60,,,,,,,,,,39.36,41.73,41.22,43.26,40.73,42.23,36.36,39.10,43.87,45.87,47.63,48.02,43.46,47.43,49.26,49.68,49.36,56.43,,,,,,,59.16,65.28,61.60,65.49,60.79,65.30,65.86,69.74,77.40,79.55,78.27,78.96,40.80,44.24,55.89,,,
aAcc_segpgd_linf,0.47,4.21,7.71,2.63,3.37,8.29,2.51,3.45,2.99,0.70,3.64,4.27,6.53,3.69,5.03,,3.97,1.69,10.28,11.56,,,6.88,1.41,1.82,,,,,,,,,,0.74,0.89,0.65,1.01,0.41,0.64,0.42,0.79,1.10,1.87,3.42,3.18,0.94,0.66,0.72,0.78,0.59,4.21,,,,,,,4.60,4.01,5.32,5.11,3.66,5.30,4.86,5.16,4.25,5.47,6.72,5.56,2.23,2.48,6.07,,,
mIoU_segpgd_linf,0.04,0.33,0.52,0.29,0.29,0.52,0.27,0.27,0.25,0.11,1.29,1.77,2.03,1.20,1.85,,0.64,0.50,1.42,1.89,,,0.51,0.29,0.31,,,,,,,,,,0.30,0.31,0.27,0.25,0.23,0.21,0.09,0.15,0.25,0.27,0.31,0.43,0.08,0.10,0.07,0.21,0.17,1.09,,,,,,,1.46,0.94,1.04,1.16,0.90,1.30,1.79,1.92,0.81,2.87,2.42,2.57,0.32,0.26,0.74,,,
mAcc_segpgd_linf,0.14,1.50,2.27,2.39,1.29,2.15,1.37,1.09,1.14,1.34,4.61,5.64,4.78,4.06,4.82,,1.62,2.29,4.08,4.01,,,1.92,0.95,1.65,,,,,,,,,,0.80,1.06,0.89,0.86,0.87,0.88,0.34,0.56,0.67,0.63,0.66,0.88,0.19,0.32,0.23,1.07,0.74,2.54,,,,,,,5.34,4.13,4.47,4.87,2.90,4.82,10.16,10.99,4.09,14.26,12.15,13.26,1.21,0.88,6.70,,,
aAcc_segpgd_l2,87.77,88.55,90.98,84.30,90.18,90.81,87.78,90.61,91.55,88.06,90.55,92.00,92.21,93.22,93.48,,91.87,92.69,93.71,94.22,,,93.36,93.43,93.85,,,,,,,,,,69.22,70.69,70.53,71.40,69.16,70.64,68.08,69.75,72.65,74.51,74.71,75.36,72.41,73.90,75.20,73.16,73.85,77.19,,,,,,,74.69,83.43,75.68,83.55,75.59,82.28,80.68,84.38,87.17,89.63,89.05,89.11,74.68,75.35,82.58,,,
mIoU_segpgd_l2,51.52,55.88,58.68,50.73,56.05,59.03,50.87,58.51,61.47,51.26,57.55,59.81,62.55,65.61,67.13,,57.92,58.65,64.02,69.47,,,65.46,65.37,67.92,,,,,,,,,,30.28,32.16,31.43,32.99,30.47,32.03,26.61,30.05,34.40,35.99,37.55,38.11,34.51,37.89,38.83,37.33,38.08,44.23,,,,,,,37.39,47.78,39.48,47.86,39.58,46.46,43.02,49.56,57.65,62.65,61.93,62.38,25.42,26.93,38.57,,,
mAcc_segpgd_l2,63.01,67.36,69.95,64.23,68.27,70.68,65.83,71.27,73.31,65.63,69.90,73.02,75.72,78.47,78.67,,68.16,68.11,73.70,78.45,,,74.95,75.28,76.91,,,,,,,,,,40.66,43.39,42.60,44.63,42.12,43.68,38.08,41.40,46.21,48.25,50.14,50.30,46.24,50.54,51.97,52.52,52.43,59.06,,,,,,,61.22,66.72,63.08,67.01,62.56,66.90,66.60,70.44,78.18,80.39,79.62,79.76,40.93,44.41,55.96,,,
aAcc_pgd_linf,1.24,10.69,17.61,9.75,9.1,15.84,5.65,9.82,6.61,3.45,5.35,6.13,10.00,9.04,10.65,,8.48,3.97,17.46,19.99,,,9.92,2.68,1.89,,,22.16,22.80,20.25,20.98,16.18,,,6.55,5.50,4.84,4.28,3.04,3.04,2.31,3.47,3.24,4.76,6.86,6.64,3.35,2.49,2.21,2.79,2.12,7.35,14.72,17.49,9.31,12.69,8.45,7.35,17.10,12.94,16.45,14.11,13.58,15.73,7.34,9.23,6.49,9.92,12.27,11.23,8.24,9.00,14.71,40.34,45.94,44.41
mIoU_pgd_linf,0.09,0.72,0.96,0.79,0.65,0.94,0.55,0.74,0.54,0.43,1.69,2.37,2.58,2.50,3.63,,1.02,0.81,2.18,2.95,,,0.69,0.39,0.35,,,2.48,3.36,2.94,3.79,2.62,,,1.25,1.09,1.07,0.95,0.84,0.82,0.46,0.49,0.35,0.58,0.66,0.75,0.22,0.28,0.29,0.60,0.53,1.62,2.09,2.37,1.32,1.91,1.49,1.06,4.15,3.16,3.61,3.38,2.91,3.61,3.33,3.28,1.07,5.47,5.15,5.59,1.29,1.24,1.81,5.21,7.39,6.33
mAcc_pgd_linf,0.31,3.18,4.25,3.24,2.82,4.23,2.32,2.98,2.11,1.85,5.70,6.93,5.66,5.91,7.64,,2.36,2.89,5.34,5.67,,,2.65,1.10,1.73,,,6.49,7.81,6.04,9.01,6.25,,,2.83,2.73,2.75,2.37,2.78,2.60,1.44,1.32,0.75,1.11,1.32,1.42,0.41,0.93,0.60,2.48,1.77,3.68,4.29,5.03,3.06,4.37,3.48,2.24,12.69,10.32,11.48,11.64,8.63,11.62,16.13,15.36,4.36,22.39,21.11,21.06,5.40,5.25,10.15,10.51,14.05,11.50
aAcc_pgd_l2,88.76,90.81,92.36,87.55,91.76,92.23,89.97,91.95,92.71,89.80,91.03,92.52,92.82,93.69,93.99,,92.66,93.27,94.13,94.54,,,94.09,94.19,94.50,,,88.41,88.24,92.54,93.42,91.46,,,71.06,72.34,72.02,72.96,71.15,72.47,69.38,71.22,73.90,75.82,75.98,76.55,74.32,75.31,76.56,75.17,76.09,79.00,73.00,73.62,77.07,78.60,77.49,75.89,78.50,85.46,79.45,85.72,79.30,85.11,82.02,85.62,88.29,90.83,90.22,90.52,75.18,75.85,82.62,90.03,91.47,91.37
mIoU_pgd_l2,52.60,59.31,61.85,52.56,59.1,61.46,53.19,60.94,64.23,53.47,57.15,61.16,63.24,66.79,68.35,,59.75,60.68,66.67,70.02,,,67.99,68.36,70.19,,,53.49,54.06,60.10,64.30,59.62,,,31.11,33.57,32.40,34.56,31.93,33.68,27.26,31.35,35.53,37.37,38.67,39.45,35.80,39.12,40.41,39.15,40.22,46.07,35.82,37.26,40.33,43.19,42.41,39.09,41.22,51.11,43.01,51.02,43.26,50.71,44.87,51.31,59.67,65.67,64.79,65.53,25.57,27.03,38.58,63.07,67.82,66.86
mAcc_pgd_l2,63.45,68.91,72.39,64.10,70.27,72.22,66.25,72.72,75.53,66.91,68.22,73.39,74.95,79.20,79.40,,69.05,70.24,75.90,78.51,,,76.79,77.76,78.57,,,67.43,67.46,73.43,75.23,73.94,,,41.13,44.28,43.47,45.74,43.39,44.89,38.55,42.44,47.36,49.42,51.06,51.73,47.39,51.53,53.31,54.31,54.83,60.94,50.22,51.66,54.87,57.34,58.19,53.57,63.41,68.91,65.86,69.09,64.86,69.27,67.67,70.93,78.74,81.66,81.53,81.81,40.91,44.59,55.94,79.53,83.09,81.18
aAcc_narm_linf,0.00,0.04,0.26,0.06,0.12,0.07,0.05,0.11,0.19,0.08,0.66,0.73,1.23,1.30,0.88,#N/A,0.27,0.17,0.58,1.36,#N/A,#N/A,0.58,0.93,0.83,#N/A,#N/A,#N/A,#N/A,#N/A,#N/A,#N/A,#N/A,#N/A,0.00,0.01,0.01,0.01,0.00,0.01,0.00,0.00,0.00,0.01,0.03,0.06,0.01,0.01,0.01,0.03,0.03,0.29,#N/A,#N/A,#N/A,#N/A,#N/A,#N/A,0.02,0.02,0.02,0.02,0.03,0.03,0.05,0.05,0.45,0.57,0.44,0.75,0.18,0.12,1.49,#N/A,#N/A,#N/A
mIoU_narm_linf,0.00,0.01,0.05,0.03,0.03,0.01,0.02,0.04,0.05,0.04,0.21,0.26,0.38,0.32,0.22,#N/A,0.12,0.09,0.22,0.36,#N/A,#N/A,0.13,0.21,0.23,#N/A,#N/A,#N/A,#N/A,#N/A,#N/A,#N/A,#N/A,#N/A,0.00,0.00,0.00,0.01,0.00,0.00,0.00,0.00,0.00,0.00,0.00,0.01,0.00,0.00,0.00,0.01,0.00,0.09,#N/A,#N/A,#N/A,#N/A,#N/A,#N/A,0.03,0.03,0.02,0.03,0.01,0.03,0.02,0.02,0.11,0.18,0.20,0.24,0.13,0.04,0.24,#N/A,#N/A,#N/A
mAcc_narm_linf,0.00,0.05,0.19,0.56,0.07,0.06,0.08,0.11,0.16,0.10,0.62,0.79,1.02,0.84,0.49,#N/A,0.38,0.50,1.08,1.13,#N/A,#N/A,0.34,0.45,0.51,#N/A,#N/A,#N/A,#N/A,#N/A,#N/A,#N/A,#N/A,#N/A,0.00,0.00,0.00,0.04,0.00,0.01,0.00,0.00,0.00,0.00,0.01,0.02,0.00,0.00,0.01,0.01,0.01,0.19,#N/A,#N/A,#N/A,#N/A,#N/A,#N/A,0.08,0.13,0.17,0.14,0.04,0.12,0.12,0.16,0.48,0.86,1.43,1.59,0.41,0.32,2.60,#N/A,#N/A,#N/A
aAcc_narm_l2,86.25,86.97,89.70,82.15,88.59,89.31,85.78,89.33,90.30,86.41,90.55,91.89,92.07,92.98,93.25,#N/A,91.08,91.89,93.12,93.72,#N/A,#N/A,91.52,91.82,92.51,#N/A,#N/A,#N/A,#N/A,#N/A,#N/A,#N/A,#N/A,#N/A,67.13,68.68,68.79,69.58,67.16,68.71,66.17,67.30,70.48,72.12,72.42,73.09,69.88,71.53,73.07,70.65,71.31,75.03,#N/A,#N/A,#N/A,#N/A,#N/A,#N/A,71.94,81.60,73.16,81.92,72.84,80.34,79.49,83.34,86.08,88.69,87.81,88.22,74.17,74.73,82.44,#N/A,#N/A,#N/A
mIoU_narm_l2,48.90,52.95,55.66,48.39,52.81,56.00,48.21,55.30,58.31,48.55,57.11,59.57,62.47,64.98,66.51,#N/A,55.89,56.63,62.00,67.33,#N/A,#N/A,60.48,60.71,63.55,#N/A,#N/A,#N/A,#N/A,#N/A,#N/A,#N/A,#N/A,#N/A,28.62,30.04,29.80,31.28,29.00,30.34,25.09,27.73,31.85,33.66,34.73,35.58,31.60,34.80,36.05,34.64,35.09,41.34,#N/A,#N/A,#N/A,#N/A,#N/A,#N/A,34.81,45.68,37.23,45.43,37.03,43.92,41.61,48.32,55.82,61.12,59.70,60.70,25.13,26.53,38.42,#N/A,#N/A,#N/A
mAcc_narm_l2,61.24,65.46,67.87,62.10,66.01,68.54,63.65,69.06,71.44,63.85,68.22,72.92,74.95,78.21,78.43,#N/A,66.99,66.73,72.53,77.00,#N/A,#N/A,71.82,71.85,73.60,#N/A,#N/A,#N/A,#N/A,#N/A,#N/A,#N/A,#N/A,#N/A,39.36,41.73,41.22,43.26,40.73,42.23,36.36,39.10,43.87,45.87,47.63,48.02,43.46,47.43,49.26,49.68,49.36,56.43,#N/A,#N/A,#N/A,#N/A,#N/A,#N/A,59.16,65.28,61.60,65.49,60.79,65.30,65.86,69.74,77.40,79.55,78.27,78.96,40.80,44.24,55.89,#N/A,#N/A,#N/A
aAcc_acdc,65.94,69.83,75.29,71.94,69.59,73.97,74.06,73.66,76.86,71.27,78.32,81.28,83.40,83.55,83.58,84.38,81.29,81.24,83.87,85.21,85.80,85.50,85.58,85.11,86.43,86.59,86.95,82.23,78.19,82.92,84.54,84.42,,,,,,,,,,,,,,,,,,,,,,,,,,,,,,,,,,,,,,,,,,,,
mIoU_acdc,24.37,35.61,41.93,32.00,35.33,38.83,34.65,34.87,42.04,33.91,39.25,43.98,49.63,51.56,49.17,54.45,46.56,47.12,52.85,58.05,57.92,58.75,53.39,57.79,57.93,62.01,62.81,46.43,45.52,50.04,53.48,57.95,,,,,,,,,,,,,,,,,,,,,,,,,,,,,,,,,,,,,,,,,,,,
mAcc_acdc,40.77,46.73,54.03,49.10,49.94,53.70,51.95,51.86,58.21,49.82,50.96,56.98,60.73,65.54,63.58,65.86,57.36,59.85,66.44,68.80,69.38,68.74,65.87,69.93,70.82,74.80,74.87,61.57,62.09,68.54,69.10,72.78,,,,,,,,,,,,,,,,,,,,,,,,,,,,,,,,,,,,,,,,,,,,
aAcc_acdc_fog,83.41,92.29,91.89,92.06,92.36,92.18,91.91,92.97,93.45,91.14,90.35,92.53,93.59,94.37,93.92,94.36,92.28,92.17,93.95,94.85,95.43,94.84,94.37,94.67,94.92,95.85,95.88,93.81,92.27,93.60,95.10,95.26,,,,,,,,,,,,,,,,,,,,,,,,,,,,,,,,,,,,,,,,,,,,
mIoU_acdc_fog,38.12,61.30,64.75,57.49,64.26,66.59,61.36,63.89,67.44,60.58,57.13,64.10,68.26,71.03,71.17,71.09,67.12,67.08,70.57,74.96,75.62,75.04,72.80,73.22,74.98,77.95,79.36,65.95,64.50,68.65,73.30,77.07,,,,,,,,,,,,,,,,,,,,,,,,,,,,,,,,,,,,,,,,,,,,
mAcc_acdc_fog,58.16,72.58,75.30,70.44,76.84,78.76,73.64,76.29,79.42,73.38,67.97,75.22,76.98,81.70,80.78,81.65,76.36,78.34,82.68,85.46,85.74,84.08,83.37,84.67,85.49,88.33,88.39,77.77,78.90,81.62,84.76,88.66,,,,,,,,,,,,,,,,,,,,,,,,,,,,,,,,,,,,,,,,,,,,
aAcc_acdc_snow,69.14,77.19,74.98,78.37,81.76,80.09,82.41,81.20,81.22,77.46,85.26,87.44,89.52,89.60,89.68,89.51,87.42,87.03,88.93,89.01,89.90,89.91,88.55,89.40,89.65,90.17,91.00,85.93,79.40,88.21,89.38,87.35,,,,,,,,,,,,,,,,,,,,,,,,,,,,,,,,,,,,,,,,,,,,
mIoU_acdc_snow,24.98,37.26,44.57,34.95,40.41,42.43,40.70,41.04,46.33,37.31,42.45,47.64,54.34,57.97,55.37,56.86,51.21,52.01,56.07,58.64,58.29,61.47,54.23,58.00,58.98,64.08,64.80,51.71,48.71,53.42,55.38,61.67,,,,,,,,,,,,,,,,,,,,,,,,,,,,,,,,,,,,,,,,,,,,
mAcc_acdc_snow,40.53,51.66,57.40,49.74,55.83,56.61,54.39,53.92,60.04,50.59,52.92,56.77,63.67,68.32,65.51,65.48,60.35,63.41,67.34,68.17,69.03,69.44,64.92,66.70,68.58,72.72,73.06,64.60,62.90,69.38,67.05,76.03,,,,,,,,,,,,,,,,,,,,,,,,,,,,,,,,,,,,,,,,,,,,
aAcc_acdc_rain,78.83,86.41,87.17,86.36,87.46,88.61,88.86,87.46,89.09,84.99,87.72,90.00,91.25,92.04,91.09,92.33,89.84,89.41,91.32,92.87,92.87,93.00,91.59,92.62,92.49,92.48,92.92,90.31,87.36,90.62,91.77,90.70,,,,,,,,,,,,,,,,,,,,,,,,,,,,,,,,,,,,,,,,,,,,
mIoU_acdc_rain,31.59,42.83,49.83,41.33,44.34,48.82,45.03,44.47,50.94,43.35,45.1,50.75,55.67,59.51,59.15,62.63,52.66,54.40,59.22,64.63,62.51,64.40,56.61,65.99,61.50,61.11,62.66,52.27,46.80,55.52,58.09,61.18,,,,,,,,,,,,,,,,,,,,,,,,,,,,,,,,,,,,,,,,,,,,
mAcc_acdc_rain,50.54,56.96,67.24,57.69,60.20,66.51,60.81,63.76,70.00,58.17,62.22,68.70,71.03,76.45,75.33,76.25,68.69,71.50,74.08,76.12,76.60,76.61,73.09,78.70,77.90,80.37,79.05,71.87,66.34,76.18,78.08,80.13,,,,,,,,,,,,,,,,,,,,,,,,,,,,,,,,,,,,,,,,,,,,
aAcc_acdc_night,33.42,24.88,47.95,33.20,18.44,36.19,34.35,34.29,44.70,32.73,50.82,55.96,60.01,58.96,60.39,62.03,56.42,57.12,61.98,64.75,65.64,64.91,68.36,64.42,69.21,68.45,68.60,59.57,54.48,59.98,62.6,64.99,,,,,,,,,,,,,,,,,,,,,,,,,,,,,,,,,,,,,,,,,,,,
mIoU_acdc_night,8.41,9.14,14.21,11.43,7.96,12.14,11.55,12.38,17.49,11.37,16.03,19.26,22.17,23.13,23.51,26.96,17.53,18.89,26.87,30.70,30.87,30.91,29.61,31.88,35.41,39.75,40.28,21.55,24.18,28.54,29.55,34.23,,,,,,,,,,,,,,,,,,,,,,,,,,,,,,,,,,,,,,,,,,,,
mAcc_acdc_night,21.18,16.37,22.85,25.26,17.59,20.50,26.11,25.40,28.93,23.64,27.63,30.50,33.55,37.63,36.71,39.86,29.54,32.57,41.35,46.64,47.49,45.64,43.45,48.88,51.95,57.53,58.11,34.89,40.66,47.69,48.17,51.25,,,,,,,,,,,,,,,,,,,,,,,,,,,,,,,,,,,,,,,,,,,,
num_params,"29,062,886","48,975,494","67,967,622","12,790,086","68,113,030","87,105,158","13,986,374","43,589,878","62,582,006","12,468,962","3,720,051","13,683,155","24,728,019","44,603,859","61,374,419","81,974,739","3,720,051","13,683,155","24,728,019","44,603,859","61,374,419","81,974,739","59,077,148","79,866,956","128,387,852","255,600,606","367,733,000","43,954,580","62,894,484","47,405,966","68,723,870","106,888,524","163,407,980","441,271,084","49,057,132","68,049,260","68,213,900","87,206,028","43,690,748","62,682,876","3,753,718","13,716,822","24,761,686","44,637,526","61,408,086","82,008,406","59,077,148","79,866,956","255,600,606","128,387,852","367,733,000","1,120,338,396","43,988,247","62,928,151","47,439,633","68,757,537","106,922,191","106,922,191","48,957,802","67,949,930","68,114,570","87,106,698","43,591,418","62,583,546","3,720,565","13,683,669","24,728,533","44,604,373","61,374,933","81,975,253","59,077,148","79,866,956","128,387,852","47,406,480","68,724,384","106,889,038"
time_proposed,5/18/2015,4/27/2017,4/27/2017,4/27/2017,12/5/2017,12/5/2017,12/5/2017,8/22/2018,8/22/2018,8/22/2018,10/28/2021,10/28/2021,10/28/2021,10/28/2021,10/28/2021,10/28/2021,10/28/2021,10/28/2021,10/28/2021,10/28/2021,10/28/2021,10/28/2021,4/17/2023,4/17/2023,4/17/2023,4/17/2023,4/17/2023,6/15/2022,6/15/2022,6/15/2022,6/15/2022,6/15/2022,9/3/2022,9/3/2022,4/27/2017,4/27/2017,12/5/2017,12/5/2017,8/22/2018,8/22/2018,10/28/2021,10/28/2021,10/28/2021,10/28/2021,10/28/2021,10/28/2021,4/17/2023,4/17/2023,4/17/2023,4/17/2023,4/17/2023,4/17/2023,6/15/2022,6/15/2022,6/15/2022,6/15/2022,6/15/2022,6/15/2022,4/27/2017,4/27/2017,12/5/2017,12/5/2017,8/22/2018,8/22/2018,10/28/2021,10/28/2021,10/28/2021,10/28/2021,10/28/2021,10/28/2021,4/17/2023,4/17/2023,4/17/2023,6/15/2022,6/15/2022,6/15/2022
